<?xml version="1.0" encoding="UTF-8"?>
<!--$Id: worldwind.xml 840 2012-10-09 22:51:42Z tgaskins $-->
<!--Default World Wind configuration values-->
<!--Any of these can be overridden by specifying an application configuration document-->
<!--An alternate document to this one can also be specified-->
<!--See the javadoc for the Configuration class for details-->
<WorldWindConfiguration version="1">
    <!--The initial layer list can be embedded here or linked as below. To change the set of initial layers,-->
    <!--modify the file identified by the href or replace the link with your own-->
    <LayerList href="config/worldwind.layers.xml"/>
    <!--Most configuration information is defined in attribute-value pairs-->
    <Property name="gov.nasa.worldwind.avkey.ModelClassName" value="gov.nasa.worldwind.BasicModel"/>
    <Property name="gov.nasa.worldwind.avkey.GlobeClassName"
              value="gov.nasa.worldwind.globes.Earth"/>
    <Property name="gov.nasa.worldwind.avkey.EarthElevationModelConfigFile"
              value="config/Earth/EarthElevationModelAsBil16.xml"/>
    <Property name="gov.nasa.worldwind.avkey.InitialLatitude" value="38"/>
    <Property name="gov.nasa.worldwind.avkey.InitialAltitude" value="2.5e7"/>
    <Property name="gov.nasa.worldwind.avkey.ViewClassName" value="gov.nasa.worldwind.BasicView"/>
    <Property name="gov.nasa.worldwind.avkey.InputHandlerClassName" value="gov.nasa.worldwind.event.BasicInputHandler"/>
    <Property name="gov.nasa.worldwind.avkey.LogcatTag" value="gov.nasa.worldwind"/>
    <Property name="gov.nasa.worldwind.avkey.ElevationModelFactory"
              value="gov.nasa.worldwind.terrain.BasicElevationModelFactory"/>
    <Property name="gov.nasa.worldwind.avkey.LayerFactory" value="gov.nasa.worldwind.layers.BasicLayerFactory"/>
    <Property name="gov.nasa.worldwind.avkey.TessellatorFactory"
              value="gov.nasa.worldwind.terrain.BasicTessellatorFactory"/>
    <Property name="gov.nasa.worldwind.avkey.TessellatorConfigFile" value="config/worldwind.tessellator.xml"/>
    <Property name="gov.nasa.worldwind.avkey.MemoryCacheSetClassName"
              value="gov.nasa.worldwind.cache.BasicMemoryCacheSet"/>
    <Property name="gov.nasa.worldwind.avkey.SessionCacheClassName" value="gov.nasa.worldwind.cache.BasicSessionCache"/>
    <Property name="gov.nasa.worldwind.avkey.RetrievalServiceClassName"
              value="gov.nasa.worldwind.retrieve.BasicRetrievalService"/>
    <Property name="gov.nasa.worldwind.avkey.SceneControllerClassName" value="gov.nasa.worldwind.SceneController"/>
    <Property name="gov.nasa.worldwind.avkey.NetworkStatusClassName"
              value="gov.nasa.worldwind.util.BasicNetworkStatus"/>
    <Property name="gov.nasa.worldwind.avkey.TaskServiceClassName" value="gov.nasa.worldwind.util.BasicTaskService"/>
    <Property name="gov.nasa.worldwind.avkey.DataFileStoreClassName"
              value="gov.nasa.worldwind.cache.BasicDataFileStore"/>
    <Property name="gov.nasa.worldwind.avkey.DataFileStoreConfigurationFileName" value="config/DataFileStore.xml"/>
    <!--The following are tuning parameters for various World Wind internals-->
    <Property name="gov.nasa.worldwind.avkey.TaskServicePoolSize" value="4"/>
    <Property name="gov.nasa.worldwind.avkey.TaskServiceQueueSize" value="20"/>
    <Property name="gov.nasa.worldwind.avkey.VerticalExaggeration" value="1"/>
    <Property name="gov.nasa.worldwind.avkey.GpuResourceCacheSize" value="1000000000"/>
    <Property name="gov.nasa.worldwind.avkey.ElevationTileCacheSize" value="2000000"/> <!--room for about 30 -->
    <Property name="gov.nasa.worldwind.avkey.SectorGeometryCacheSize" value="1300000"/> <!--room for about 160 -->
    <Property name="gov.nasa.worldwind.avkey.SectorGeometryTileCacheSize" value="25000"/> <!--room for about 200 -->
    <Property name="gov.nasa.worldwind.avkey.GpuTextureTileCacheSize" value="2000000"/> <!--room for about 5 w/texture data -->
    <Property name="gov.nasa.worldwind.avkey.MaxMessageRepeat" value="10"/>
</WorldWindConfiguration>
