<?xml version="1.0" encoding="UTF-8"?>
<!--
    Default World Wind tessellator configuration file. Specifies the parameters for a tiled geographic tessellator.

    $Id: worldwind.tessellator.xml 733 2012-09-02 17:15:09Z dcollins $
-->
<Tessellator version="1" tessellatorType="TiledTessellator">
    <Sector>
        <SouthWest>
            <LatLon units="degrees" latitude="-90" longitude="-180"/>
        </SouthWest>
        <NorthEast>
            <LatLon units="degrees" latitude="90" longitude="180"/>
        </NorthEast>
    </Sector>
    <LevelZeroTileDelta>
        <LatLon units="degrees" latitude="60" longitude="60"/>
    </LevelZeroTileDelta>
    <TileSize>
        <!--
        Create tile dimensions that result in a vertex array dimension of 32x32. We add 1 vertex to convert between tile
        cell size and vertex count, and an additional 2 vertices for the tile skirt.
        -->
        <Dimension width="29" height="29"/>
    </TileSize>
    <!--
    30 levels with a tile delta of 60 and a tile size of 29 achieves a maximum resolution of ~0.0004 meters for
    Earth (radius approx 6.4e6 meters).
    -->
    <NumLevels count="30"/>
    <DataCacheName>gov.nasa.worldwind.terrain.TiledTessellator</DataCacheName>
</Tessellator>
