<?xml version="1.0" encoding="UTF-8"?>
<!--
  ~ Copyright (C) 2012 United States Government as represented by the Administrator of the
  ~ National Aeronautics and Space Administration.
  ~ All Rights Reserved.
  -->

<!--$Id: CountryBoundariesLayer.xml 1171 2013-02-11 21:45:02Z dcollins $-->
<Layer version="1" layerType="TiledImageLayer">
    <DisplayName>Political Boundaries</DisplayName>
    <Service serviceName="OGC:WMS" version="1.3">
        <GetCapabilitiesURL>https://worldwind22.arc.nasa.gov/geoserver/wms</GetCapabilitiesURL>
        <GetMapURL>https://worldwind22.arc.nasa.gov/geoserver/wms</GetMapURL>
        <LayerNames>topp:cia</LayerNames>
        <StyleNames>countryboundaries</StyleNames>
    </Service>
    <!-- day month year hours:minutes:seconds timezone -->
    <LastUpdate>25 11 2009 22:21:47 GMT</LastUpdate>
    <DataCacheName>Earth/PoliticalBoundaries</DataCacheName>
    <ImageFormat>image/png</ImageFormat>
    <AvailableImageFormats>
        <ImageFormat>image/png</ImageFormat>
    </AvailableImageFormats>
    <FormatSuffix>.dds</FormatSuffix>
    <NumLevels count="13" numEmpty="0"/>
    <TileOrigin>
        <LatLon units="degrees" latitude="-90" longitude="-180"/>
    </TileOrigin>
    <LevelZeroTileDelta>
        <LatLon units="degrees" latitude="36" longitude="36"/>
    </LevelZeroTileDelta>
    <TileSize>
        <Dimension width="512" height="512"/>
    </TileSize>
    <Sector>
        <SouthWest>
            <LatLon units="degrees" latitude="-90" longitude="-180"/>
        </SouthWest>
        <NorthEast>
            <LatLon units="degrees" latitude="90" longitude="180"/>
        </NorthEast>
    </Sector>
    <UseTransparentTextures>true</UseTransparentTextures>
</Layer>