<?xml version="1.0" encoding="UTF-8"?>
<!--
  ~ Copyright (C) 2012 United States Government as represented by the Administrator of the
  ~ National Aeronautics and Space Administration.
  ~ All Rights Reserved.
  -->

<!--$Id: EarthAtNightLayer.xml 1958 2014-04-24 19:25:37Z tgaskins $-->
<Layer version="1" layerType="TiledImageLayer">
    <DisplayName>Earth at Night</DisplayName>
    <Service serviceName="OGC:WMS" version="1.3">
        <GetCapabilitiesURL>https://worldwind25.arc.nasa.gov/wms</GetCapabilitiesURL>
        <GetMapURL>https://worldwind25.arc.nasa.gov/wms</GetMapURL>
        <LayerNames>earthatnight</LayerNames>
    </Service>
    <RetrievePropertiesFromService>true</RetrievePropertiesFromService>
    <DataCacheName>Earth/EarthAtNight</DataCacheName>
    <ImageFormat>image/jpeg</ImageFormat>
    <AvailableImageFormats>
        <ImageFormat>image/jpeg</ImageFormat>
        <ImageFormat>image/png</ImageFormat>
    </AvailableImageFormats>
    <FormatSuffix>.dds</FormatSuffix>
    <NumLevels count="6" numEmpty="0"/>
    <TileOrigin>
        <LatLon units="degrees" latitude="-90" longitude="-180"/>
    </TileOrigin>
    <LevelZeroTileDelta>
        <LatLon units="degrees" latitude="36" longitude="36"/>
    </LevelZeroTileDelta>
    <TileSize>
        <Dimension width="512" height="512"/>
    </TileSize>
    <Sector>
        <SouthWest>
            <LatLon units="degrees" latitude="-90" longitude="-180"/>
        </SouthWest>
        <NorthEast>
            <LatLon units="degrees" latitude="90" longitude="180"/>
        </NorthEast>
    </Sector>
    <UseTransparentTextures>false</UseTransparentTextures>
    <RetrievalTimeouts>
        <ReadTimeout>
            <Time units="milliseconds" value="30000"/>
        </ReadTimeout>
    </RetrievalTimeouts>
    <!-- The following lines are included just to show how to set the values to other than their defaults -->
    <MaxAbsentTileAttempts>2</MaxAbsentTileAttempts>
    <MinAbsentTileCheckInterval>1000</MinAbsentTileCheckInterval>
</Layer>