<?xml version="1.0" encoding="UTF-8" standalone="no"?>

<!--
  ~ Copyright (C) 2016 United States Government as represented by the Administrator of the
  ~ National Aeronautics and Space Administration.
  ~ All Rights Reserved.
  -->

<Layer layerType="TiledImageLayer" version="1">
    <DisplayName>USGS Topo Base Map</DisplayName>
    <DatasetName>0</DatasetName>
    <DataCacheName>Earth\USGS Topo Base Map</DataCacheName>
    <Service serviceName="OGC:WMS" version="1.3.0">
        <LayerNames>0</LayerNames>
        <StyleNames>default</StyleNames>
        <GetMapURL>https://basemap.nationalmap.gov/arcgis/services/USGSTopo/MapServer/WmsServer?</GetMapURL>
        <GetCapabilitiesURL>https://basemap.nationalmap.gov/arcgis/services/USGSTopo/MapServer/WmsServer?
        </GetCapabilitiesURL>
    </Service>
    <FormatSuffix>.dds</FormatSuffix>
    <NumLevels count="12" numEmpty="0"/>
    <Sector>
        <SouthWest>
            <LatLon latitude="-89.0" longitude="-179.999996" units="degrees"/>
        </SouthWest>
        <NorthEast>
            <LatLon latitude="89.0" longitude="179.999996" units="degrees"/>
        </NorthEast>
    </Sector>
    <TileOrigin>
        <LatLon latitude="-90.0" longitude="-180.0" units="degrees"/>
    </TileOrigin>
    <TileSize>
        <Dimension height="512" width="512"/>
    </TileSize>
    <LevelZeroTileDelta>
        <LatLon latitude="36.0" longitude="36.0" units="degrees"/>
    </LevelZeroTileDelta>
    <ImageFormat>image/jpeg</ImageFormat>
    <UseTransparentTextures>true</UseTransparentTextures>
    <RetrievalTimeouts>
        <ReadTimeout>
            <Time units="milliseconds" value="20000"/>
        </ReadTimeout>
    </RetrievalTimeouts>
</Layer>

