<?xml version="1.0" encoding="UTF-8"?>
<!--
  ~ Copyright (C) 2014 United States Government as represented by the Administrator of the
  ~ National Aeronautics and Space Administration.
  ~ All Rights Reserved.
  -->
<!--World boundaries from a shapefile-->
<!--$Id: WorldBordersShapefile.xml 2408 2014-10-29 23:43:16Z dcollins $-->
<Layer version="1" layerType="ShapefileLayer">
    <ShapefileLocation>testData/shapefiles/TM_WORLD_BORDERS-0.3.shp</ShapefileLocation>
    <DisplayName>Political Boundaries Shapefile</DisplayName>
    <PickEnabled>true</PickEnabled>
    <!--Assign attribute names in the shapefile's DBase file to keys on the shapes created from the shapefile-->
    <AttributeMapping attributeName="NAME" mapToKey="gov.nasa.worldwind.avkey.DisplayName"/>
    <NormalShapeAttributes>
        <DrawInterior>true</DrawInterior>
        <DrawOutline>true</DrawOutline>
        <InteriorOpacity>0.0</InteriorOpacity>
        <OutlineOpacity>1.0</OutlineOpacity>
        <InteriorColor red="255" green="255" blue="255"/>
        <OutlineColor red="255" green="255" blue="255"/>
        <OutlineWidth>2.0</OutlineWidth>
    </NormalShapeAttributes>
    <HighlightShapeAttributes>
        <DrawInterior>true</DrawInterior>
        <DrawOutline>true</DrawOutline>
        <InteriorOpacity>0.0</InteriorOpacity>
        <OutlineOpacity>1.0</OutlineOpacity>
        <InteriorColor red="255" green="255" blue="255"/>
        <OutlineColor red="255" green="255" blue="0"/>
        <OutlineWidth>4.0</OutlineWidth>
    </HighlightShapeAttributes>
    <!--The entries below are not needed but are included to show how Point attributes can be specified-->
    <NormalPointAttributes>
        <Scale>1.0</Scale>
        <LineWidth>1.0</LineWidth>
        <LabelScale>1.0</LabelScale>
        <LabelColor red="255" green="255" blue="255"/>
        <LineColor red="255" green="255" blue="255"/>
        <UsePointAsDefaultImage>true</UsePointAsDefaultImage>
    </NormalPointAttributes>
    <HighlightPointAttributes>
        <Scale>1.0</Scale>
        <LineWidth>1.0</LineWidth>
        <LabelScale>1.0</LabelScale>
        <LabelColor red="255" green="255" blue="255"/>
        <LineColor red="255" green="255" blue="255"/>
        <UsePointAsDefaultImage>true</UsePointAsDefaultImage>
    </HighlightPointAttributes>
</Layer>
