<?xml version="1.0" encoding="UTF-8"?>
<ElevationModel version="1" modelType="Compound">
    <ElevationModel version="1">
        <DisplayName>Earth Elevation Model (USA 10m, WordWide 30m, Ocean 900m)</DisplayName>
        <Service serviceName="OGC:WMS" version="1.3">
            <GetCapabilitiesURL>http://data.worldwind.arc.nasa.gov/elev</GetCapabilitiesURL>
            <GetMapURL>http://data.worldwind.arc.nasa.gov/elev</GetMapURL>
            <LayerNames>mergedAsterElevations</LayerNames>
        </Service>
        <RetrievePropertiesFromService>true</RetrievePropertiesFromService>
        <!-- day month year hours:minutes:seconds timezone -->
        <LastUpdate>17 12 2009 01:01:01 GMT</LastUpdate>
        <DataCacheName>Earth/EarthElevationModel.bil16</DataCacheName>
        <ImageFormat>application/bil16</ImageFormat>
        <DataType type="Int16" byteOrder="LittleEndian"/>
        <DataDetailHint>0.20</DataDetailHint>
        <FormatSuffix>.bil</FormatSuffix>
        <ExtremeElevations min="-11000" max="8850">
            <FileName>config/SRTM30Plus_ExtremeElevations_5.bil</FileName>
        </ExtremeElevations>
        <NumLevels count="12" numEmpty="0"/>
        <TileOrigin>
            <LatLon units="degrees" latitude="-90" longitude="-180"/>
        </TileOrigin>
        <LevelZeroTileDelta>
            <LatLon units="degrees" latitude="20" longitude="20"/>
        </LevelZeroTileDelta>
        <TileSize>
            <Dimension width="150" height="150"/>
        </TileSize>
        <Sector>
            <SouthWest>
                <LatLon units="degrees" latitude="-90" longitude="-180"/>
            </SouthWest>
            <NorthEast>
                <LatLon units="degrees" latitude="90" longitude="180"/>
            </NorthEast>
        </Sector>
        <SectorResolutionLimit maxLevelNum="11">
            <Sector>
                <SouthWest>
                    <LatLon units="degrees" latitude="24" longitude="-125"/>
                </SouthWest>
                <NorthEast>
                    <LatLon units="degrees" latitude="50" longitude="-66.8"/>
                </NorthEast>
            </Sector>
        </SectorResolutionLimit>
        <SectorResolutionLimit maxLevelNum="11">
            <Sector>
                <SouthWest>
                    <LatLon units="degrees" latitude="18.5" longitude="-160.5"/>
                </SouthWest>
                <NorthEast>
                    <LatLon units="degrees" latitude="22.5" longitude="-154.5"/>
                </NorthEast>
            </Sector>
        </SectorResolutionLimit>
        <SectorResolutionLimit maxLevelNum="11">
            <Sector>
                <SouthWest>
                    <LatLon units="degrees" latitude="17.8" longitude="-67.4"/>
                </SouthWest>
                <NorthEast>
                    <LatLon units="degrees" latitude="18.7" longitude="-64.5"/>
                </NorthEast>
            </Sector>
        </SectorResolutionLimit>
        <SectorResolutionLimit maxLevelNum="11">
            <Sector>
                <SouthWest>
                    <LatLon units="degrees" latitude="48" longitude="-179.9"/>
                </SouthWest>
                <NorthEast>
                    <LatLon units="degrees" latitude="66" longitude="-128"/>
                </NorthEast>
            </Sector>
        </SectorResolutionLimit>
        <SectorResolutionLimit maxLevelNum="9">
            <Sector>
                <SouthWest>
                    <LatLon units="degrees" latitude="-54" longitude="-180"/>
                </SouthWest>
                <NorthEast>
                    <LatLon units="degrees" latitude="60" longitude="180"/>
                </NorthEast>
            </Sector>
        </SectorResolutionLimit>
        <SectorResolutionLimit maxLevelNum="4">
            <Sector>
                <SouthWest>
                    <LatLon units="degrees" latitude="-90" longitude="-180"/>
                </SouthWest>
                <NorthEast>
                    <LatLon units="degrees" latitude="90" longitude="180"/>
                </NorthEast>
            </Sector>
        </SectorResolutionLimit>
    </ElevationModel>
</ElevationModel>