<?xml version="1.0" encoding="UTF-8"?>
<!--
  ~ Copyright (C) 2014 United States Government as represented by the Administrator of the
  ~ National Aeronautics and Space Administration.
  ~ All Rights Reserved.
  -->

<!--$Id: ShapefileAttributeGroups.xml 2344 2014-09-24 00:15:32Z dcollins $-->
<Layer version="1" layerType="ShapefileLayer">
    <ShapefileLocation>testData/shapefiles/TM_WORLD_BORDERS-0.3.shp</ShapefileLocation>
    <DisplayName>Continents</DisplayName>
    <PickEnabled>true</PickEnabled>
    <!--Assign attribute names in the shapefile's DBase file to keys on the shapes created from the shapefile-->
    <AttributeMapping attributeName="NAME" mapToKey="gov.nasa.worldwind.avkey.DisplayName"/>
    <!--Assign the default display attributes to display country boundaries as white outlines. The highlight attributes
    are used as-is, while the normal attributes are used as a template for each group's attributes. A per-group outline
    color replaces the normal interior color at runtime. -->
    <NormalShapeAttributes>
        <DrawInterior>true</DrawInterior>
        <DrawOutline>true</DrawOutline>
        <InteriorOpacity>0.0</InteriorOpacity>
        <OutlineOpacity>1.0</OutlineOpacity>
        <InteriorColor red="0" green="0" blue="0"/>
        <OutlineColor red="255" green="255" blue="255"/>
        <OutlineWidth>2.0</OutlineWidth>
    </NormalShapeAttributes>
    <HighlightShapeAttributes>
        <DrawInterior>true</DrawInterior>
        <DrawOutline>true</DrawOutline>
        <InteriorOpacity>0.5</InteriorOpacity>
        <OutlineOpacity>1.0</OutlineOpacity>
        <InteriorColor red="255" green="255" blue="255"/>
        <OutlineColor red="255" green="255" blue="255"/>
        <OutlineWidth>4.0</OutlineWidth>
    </HighlightShapeAttributes>
</Layer>
